0,0.5360711,11.1047203540802
10,0.052583214,11.50761866569519
20,0.027197674,11.9191312789917
30,0.017031927,12.27584195137024
40,0.012083383,12.652523756027222
50,0.009153161,13.061522960662842
60,0.005835757,13.436227560043335
70,0.0047563063,13.835370540618896
80,0.0032745255,14.222060203552246
90,0.0026303576,14.577085018157959
100,0.0019570885,14.967850685119629
110,0.0016524643,15.367186069488525
120,0.001306859,15.734618425369263
130,0.0011490977,16.145363092422485
140,0.0008373152,16.515106201171875
150,0.0007387649,16.874240159988403
160,0.00068395236,17.2617609500885
170,0.0005586512,17.616666793823242
180,0.0005533875,18.05721879005432
190,0.0004753875,18.437292098999023
200,0.00046701104,18.83861780166626
210,0.00040180748,19.267773151397705
220,0.00032759667,19.619967937469482
230,0.0003338515,20.005476236343384
240,0.0003368144,20.413469314575195
250,0.0003204719,20.76091504096985
260,0.00030105264,21.149582386016846
270,0.0002821503,21.53070306777954
280,0.00028266574,21.912017107009888
290,0.00024032751,22.294524908065796
300,0.00023761953,22.643378019332886
310,0.00019341867,23.071771144866943
320,0.00018473044,23.423542737960815
330,0.00019969617,23.828564882278442
340,0.00018859295,24.18783926963806
350,0.00016421733,24.52542281150818
360,0.0001511694,24.92227816581726
370,0.0001847831,25.316924810409546
380,0.00014708575,25.701586484909058
390,0.00014021246,26.046405792236328
400,0.00015789791,26.42119002342224
410,0.0001436451,26.831672430038452
420,0.00015229998,27.247397661209106
430,0.00011671849,27.590068578720093
440,0.00012020841,27.97492265701294
450,0.00011913253,28.354449033737183
460,0.00011742304,28.74736785888672
470,0.00011805913,29.114264249801636
480,0.00010216708,29.5011944770813
490,9.328968e-05,29.930235147476196
500,9.374925e-05,30.327996015548706
510,9.007311e-05,30.718481302261353
520,8.112957e-05,31.153915405273438
530,0.00022190905,31.580459117889404
540,0.00015700376,31.96708917617798
550,9.933081e-05,32.31921935081482
560,7.9960955e-05,32.674091815948486
570,9.540912e-05,33.07821178436279
580,9.033779e-05,33.453168869018555
590,7.765785e-05,33.84197497367859
600,7.484388e-05,34.22831201553345
610,5.8281683e-05,34.61772632598877
620,5.945412e-05,34.96652579307556
630,5.8914044e-05,35.318172454833984
640,6.704613e-05,35.70529103279114
650,5.8304813e-05,36.08382511138916
660,6.591285e-05,36.471840143203735
670,0.0016089797,36.848785161972046
680,0.0007566532,37.223854064941406
690,0.0005051644,37.5954315662384
700,0.00025702166,37.975422859191895
710,0.00015302697,38.39725136756897
720,0.00013751425,38.76444911956787
730,0.0001169191,39.1752073764801
740,9.142075e-05,39.65109038352966
750,8.495543e-05,40.068060636520386
760,7.0514056e-05,40.52531599998474
770,7.470642e-05,40.91957235336304
780,9.18509e-05,41.324881076812744
790,7.653268e-05,41.66451334953308
800,6.464489e-05,42.092323303222656
810,5.992109e-05,42.4853994846344
820,5.4593496e-05,42.85915684700012
830,5.8029706e-05,43.25465202331543
840,5.3674892e-05,43.65197944641113
850,4.9348837e-05,44.038710594177246
860,5.7037025e-05,44.41926980018616
870,5.874773e-05,44.891687631607056
880,5.199343e-05,45.2629337310791
890,5.4241595e-05,45.66998505592346
900,4.8782542e-05,46.073344707489014
910,4.6737616e-05,46.48829197883606
920,4.0685787e-05,46.89237976074219
930,7.063048e-05,47.2739839553833
940,5.6697474e-05,47.69861197471619
950,0.00015029866,48.07232332229614
960,7.805527e-05,48.48582601547241
970,4.559684e-05,48.90282845497131
980,4.424805e-05,49.26678729057312
990,4.5286688e-05,49.70204567909241
1000,3.6737885e-05,50.10033941268921
1010,4.4712982e-05,50.56285119056702
1020,3.4569533e-05,51.001588344573975
1030,4.016045e-05,51.46323895454407
1040,4.9442508e-05,51.89564514160156
1050,3.8031616e-05,52.373239040374756
1060,5.0943854e-05,52.72831106185913
1070,3.6493635e-05,53.213895320892334
1080,3.8674007e-05,53.600849866867065
1090,3.843916e-05,53.98590803146362
1100,3.6896505e-05,54.41051459312439
1110,4.0222516e-05,54.87201642990112
1120,3.004457e-05,55.25668931007385
1130,2.9314708e-05,55.65797829627991
1140,3.3547647e-05,56.06541299819946
1150,3.4098375e-05,56.44167399406433
1160,3.2073312e-05,56.806899547576904
1170,3.0719417e-05,57.16401529312134
1180,2.9534396e-05,57.5162718296051
1190,2.8953587e-05,57.88071346282959
1200,3.2343283e-05,58.21393895149231
1210,4.0818322e-05,58.63418364524841
1220,3.633104e-05,59.0151686668396
1230,2.7401971e-05,59.3780083656311
1240,3.6275043e-05,59.727250814437866
1250,2.9069266e-05,60.118717193603516
1260,3.411924e-05,60.50500679016113
1270,4.0621228e-05,60.86021566390991
1280,3.0998166e-05,61.293333530426025
1290,3.0236653e-05,61.66989231109619
1300,3.099803e-05,62.02275466918945
1310,2.6662088e-05,62.441407918930054
1320,2.883947e-05,62.828606605529785
1330,3.1593e-05,63.24377989768982
1340,2.9864193e-05,63.61131191253662
1350,3.034379e-05,64.01585674285889
1360,2.7797196e-05,64.3892571926117
1370,2.7672813e-05,64.78331232070923
1380,2.9419865e-05,65.14268326759338
1390,2.659756e-05,65.55355167388916
1400,2.9611178e-05,65.98952341079712
1410,3.1430147e-05,66.3787248134613
1420,2.6081738e-05,66.85253810882568
1430,3.351187e-05,67.21993088722229
1440,2.896126e-05,67.62467074394226
1450,2.8263634e-05,68.02948331832886
1460,3.0972413e-05,68.46878147125244
1470,2.9521854e-05,68.87830114364624
1480,2.2413395e-05,69.30602502822876
1490,2.1197586e-05,69.71120524406433
1500,2.6100486e-05,70.05417442321777
1510,2.6674099e-05,70.48317837715149
1520,2.3276998e-05,70.86998891830444
1530,2.9643537e-05,71.27031230926514
1540,2.9084698e-05,71.64255833625793
1550,2.6568025e-05,72.1041247844696
1560,2.589671e-05,72.48454570770264
1570,2.72739e-05,72.8504068851471
1580,2.1730331e-05,73.25329637527466
1590,2.48256e-05,73.63284254074097
1600,2.4681347e-05,74.03523898124695
1610,2.5590827e-05,74.4614109992981
1620,2.447796e-05,74.93978261947632
1630,2.169242e-05,75.3816397190094
1640,2.4212648e-05,75.74332523345947
1650,2.4790677e-05,76.17177057266235
1660,3.0216755e-05,76.58417773246765
1670,2.45924e-05,76.99541354179382
1680,2.2293838e-05,77.39702296257019
1690,2.2661974e-05,77.84515452384949
1700,2.1597767e-05,78.2347891330719
1710,2.5077583e-05,78.659015417099
1720,2.1451528e-05,79.05275249481201
1730,2.2154909e-05,79.44068646430969
1740,2.3756493e-05,79.80285787582397
1750,2.7728569e-05,80.18515849113464
1760,2.3679893e-05,80.61154818534851
1770,2.4467407e-05,80.98931503295898
1780,2.5769668e-05,81.38077878952026
1790,3.1113726e-05,81.80557608604431
1800,2.5428528e-05,82.18766641616821
1810,2.5699826e-05,82.61983585357666
1820,2.7867227e-05,83.05893325805664
1830,2.3664663e-05,83.46360206604004
1840,2.0330042e-05,83.82245326042175
1850,1.9746416e-05,84.18172955513
1860,2.0682155e-05,84.55336928367615
1870,2.5057672e-05,84.95515251159668
1880,2.1467751e-05,85.34243059158325
1890,1.7190676e-05,85.7827079296112
1900,2.7305081e-05,86.186350107193
1910,2.6482623e-05,86.64910888671875
1920,2.3472963e-05,87.08853220939636
1930,2.0184836e-05,87.48492360115051
1940,1.9672163e-05,87.86670351028442
1950,2.0683528e-05,88.27996826171875
1960,1.8807978e-05,88.71188163757324
1970,1.914688e-05,89.1052758693695
1980,1.8793846e-05,89.48188662528992
1990,2.5213078e-05,89.85373497009277
2000,2.1127284e-05,90.25576996803284
2010,2.2421069e-05,90.6814193725586
2020,1.9587744e-05,91.10088229179382
2030,1.9946661e-05,91.5667450428009
2040,1.9960504e-05,91.94631314277649
2050,2.0299398e-05,92.31093621253967
2060,2.0449788e-05,92.65718269348145
2070,1.7788629e-05,93.07704472541809
2080,1.7467775e-05,93.50671124458313
2090,1.9332516e-05,93.92228198051453
2100,1.7719296e-05,94.26421427726746
2110,1.995493e-05,94.7002260684967
2120,1.9119678e-05,95.10304808616638
2130,1.9232191e-05,95.51592707633972
2140,2.042961e-05,95.93352270126343
2150,1.763546e-05,96.3017361164093
2160,1.7465427e-05,96.71410822868347
2170,1.8326276e-05,97.08423733711243
2180,1.8893994e-05,97.45980095863342
2190,1.9854911e-05,97.83869743347168
2200,1.772853e-05,98.23083567619324
2210,2.0652915e-05,98.66620326042175
2220,2.1167176e-05,99.0280511379242
2230,1.9346953e-05,99.52836799621582
2240,1.9751717e-05,99.92226481437683
2250,2.3434523e-05,100.30174160003662
2260,2.0693407e-05,100.73501515388489
2270,2.0521817e-05,101.12378907203674
2280,2.1684393e-05,101.49788498878479
2290,1.8209936e-05,101.88245487213135
2300,2.0823069e-05,102.26518607139587
2310,1.7582393e-05,102.71751499176025
2320,2.0982843e-05,103.11515164375305
2330,1.944731e-05,103.48893094062805
2340,1.8266977e-05,103.89921450614929
2350,1.7891429e-05,104.27272748947144
2360,1.6969314e-05,104.66866731643677
2370,1.7011367e-05,105.0901837348938
2380,1.6011114e-05,105.48262882232666
2390,1.9947092e-05,105.8433427810669
2400,2.020037e-05,106.23786497116089
2410,1.6583199e-05,106.66070675849915
2420,1.7333281e-05,107.08350992202759
2430,1.7695902e-05,107.5407452583313
2440,2.1855742e-05,107.98178768157959
2450,1.7600212e-05,108.44567465782166
2460,1.8327835e-05,108.91877746582031
2470,1.6275617e-05,109.39444398880005
2480,1.8274151e-05,109.86248421669006
2490,1.8540408e-05,110.3363790512085
2500,1.6793043e-05,110.88908505439758
2510,1.670161e-05,111.40247869491577
2520,1.8207304e-05,111.88552522659302
2530,1.6874266e-05,112.39189147949219
2540,1.617351e-05,112.88706350326538
2550,1.52464e-05,113.34158945083618
2560,1.4177644e-05,113.81842470169067
2570,1.5249578e-05,114.28614163398743
2580,1.6968032e-05,114.75779390335083
2590,1.5897005e-05,115.24612236022949
2600,1.3985048e-05,115.75703001022339
2610,1.4044015e-05,116.29022288322449
2620,1.6834452e-05,116.78095889091492
2630,1.5893755e-05,117.25229692459106
2640,1.49943635e-05,117.71333289146423
2650,1.7965402e-05,118.18302273750305
2660,1.7030745e-05,118.67957043647766
2670,1.7222035e-05,119.1465311050415
2680,1.8718223e-05,119.60474014282227
2690,1.811384e-05,120.02132773399353
2700,1.8523138e-05,120.4617338180542
2710,1.4765048e-05,120.92407512664795
2720,1.6688784e-05,121.36810207366943
2730,1.6007729e-05,121.85232710838318
2740,1.8115905e-05,122.30400729179382
2750,1.7473492e-05,122.79313802719116
2760,1.8154107e-05,123.29878950119019
2770,1.940141e-05,123.86067008972168
2780,1.5430836e-05,124.32584977149963
2790,1.7464816e-05,124.7848768234253
2800,1.5497364e-05,125.27911806106567
2810,1.4008403e-05,125.80381369590759
2820,1.46006105e-05,126.27130460739136
2830,1.5346026e-05,126.7577691078186
2840,1.552969e-05,127.25852108001709
2850,1.4441703e-05,127.7081949710846
2860,1.4919066e-05,128.1646101474762
2870,1.4835659e-05,128.65170049667358
2880,1.8843306e-05,129.08147621154785
2890,1.4829356e-05,129.49229979515076
2900,1.5977173e-05,129.875559091568
2910,1.2075437e-05,130.29794120788574
2920,1.37727375e-05,130.67784309387207
2930,1.4265882e-05,131.10671305656433
2940,1.4125033e-05,131.49411249160767
2950,1.4208109e-05,131.8973741531372
2960,1.3848849e-05,132.28918051719666
2970,1.573372e-05,132.67759084701538
2980,1.5510286e-05,133.03682613372803
2990,1.5296418e-05,133.42992758750916
3000,1.2465822e-05,133.81303477287292
3010,1.5958396e-05,134.2507302761078
3020,1.2842192e-05,134.65746784210205
3030,1.5151336e-05,135.04600620269775
3040,1.3896794e-05,135.4416527748108
3050,1.2956857e-05,135.85681128501892
3060,1.3704149e-05,136.23096561431885
3070,1.3750813e-05,136.60161781311035
3080,1.578449e-05,136.98546195030212
3090,1.42287945e-05,137.39442324638367
3100,1.2984075e-05,137.79632568359375
3110,1.51569975e-05,138.19784450531006
3120,1.536202e-05,138.59275913238525
3130,1.5750387e-05,138.96796584129333
3140,1.3726412e-05,139.3296287059784
3150,1.5148355e-05,139.6930480003357
3160,1.2722922e-05,140.1009874343872
3170,1.48042345e-05,140.4999122619629
3180,1.6086486e-05,140.9139440059662
3190,1.4532307e-05,141.27302145957947
3200,1.6309594e-05,141.65707921981812
3210,1.3750117e-05,142.05833315849304
3220,1.3541001e-05,142.4613904953003
3230,1.47108e-05,142.87637376785278
3240,1.3479925e-05,143.24488401412964
3250,1.4040962e-05,143.59932160377502
3260,1.4024517e-05,143.97422981262207
3270,1.2573225e-05,144.35017609596252
3280,1.2496892e-05,144.71065616607666
3290,1.2218102e-05,145.1008746623993
3300,1.2581493e-05,145.4823658466339
3310,1.3384877e-05,145.87809371948242
3320,1.3905717e-05,146.26672410964966
3330,1.3560136e-05,146.63762187957764
3340,1.3795913e-05,147.02575755119324
3350,1.2057267e-05,147.4015622138977
3360,1.1419531e-05,147.78071403503418
3370,1.3459421e-05,148.15773701667786
3380,1.2899872e-05,148.54055762290955
3390,1.2617405e-05,148.94587302207947
3400,1.6412745e-05,149.3158004283905
3410,1.2354277e-05,149.7415063381195
3420,1.3343689e-05,150.1500322818756
3430,1.2994793e-05,150.54668354988098
3440,1.3311714e-05,150.9572937488556
3450,1.3991158e-05,151.34754085540771
3460,1.4581826e-05,151.7605938911438
3470,1.340677e-05,152.1622998714447
3480,1.5572e-05,152.56974387168884
3490,1.247412e-05,152.96320295333862
3500,1.0758887e-05,153.33380913734436
3510,1.0994848e-05,153.75222492218018
3520,1.4303055e-05,154.18471026420593
3530,1.1812087e-05,154.59176564216614
3540,1.1246683e-05,154.96720004081726
3550,1.0783203e-05,155.3581840991974
3560,1.3959548e-05,155.72220873832703
3570,1.2989862e-05,156.12212800979614
3580,1.3422801e-05,156.535710811615
3590,1.1794038e-05,156.9326024055481
3600,1.2161511e-05,157.306964635849
3610,1.2741668e-05,157.71475863456726
3620,1.2679066e-05,158.1026759147644
3630,1.1743069e-05,158.46929454803467
3640,1.2780768e-05,158.84723162651062
3650,1.3234482e-05,159.22883343696594
3660,1.2861093e-05,159.625825881958
3670,1.2575332e-05,160.03078150749207
3680,1.1744484e-05,160.4207262992859
3690,1.1563731e-05,160.78846621513367
3700,1.2279468e-05,161.16925811767578
3710,1.2144972e-05,161.59209513664246
3720,1.1122211e-05,161.99308514595032
3730,1.0791955e-05,162.36920309066772
3740,1.162644e-05,162.7594838142395
3750,1.1599037e-05,163.13186025619507
3760,1.0778273e-05,163.48969101905823
3770,1.08773875e-05,163.90966653823853
3780,1.0871292e-05,164.25920295715332
3790,1.1096137e-05,164.65752053260803
3800,1.0274631e-05,165.03850650787354
3810,1.1900224e-05,165.44966888427734
3820,1.1554879e-05,165.85281991958618
3830,1.2356349e-05,166.23765325546265
3840,1.2814413e-05,166.61247897148132
3850,1.1691522e-05,166.9846122264862
3860,1.2127277e-05,167.40734887123108
3870,1.1497883e-05,167.79328060150146
3880,1.4656166e-05,168.22718381881714
3890,1.3342468e-05,168.6161289215088
3900,9.965067e-06,169.08369135856628
3910,1.0750381e-05,169.56697034835815
3920,9.600304e-06,169.97486066818237
3930,9.794084e-06,170.36480331420898
3940,1.2410341e-05,170.75010538101196
3950,1.0542597e-05,171.21406030654907
3960,1.1471176e-05,171.607985496521
3970,1.0717607e-05,171.98674535751343
3980,1.10925885e-05,172.37522268295288
3990,1.1119045e-05,172.76085472106934
4000,9.553207e-06,173.14433884620667
4010,9.76086e-06,173.5606529712677
4020,1.1076516e-05,173.93488311767578
4030,1.1488951e-05,174.31588578224182
4040,1.2969701e-05,174.70640087127686
4050,1.1245682e-05,175.11054039001465
4060,9.740731e-06,175.48137640953064
4070,9.940422e-06,175.8641607761383
4080,1.08705035e-05,176.23757457733154
4090,1.1069868e-05,176.62538647651672
4100,9.759977e-06,176.99152874946594
4110,1.023063e-05,177.3806004524231
4120,9.893801e-06,177.74051904678345
4130,9.569286e-06,178.15864157676697
4140,9.972525e-06,178.58698201179504
4150,9.38681e-06,178.97660994529724
4160,9.974286e-06,179.36854887008667
4170,1.0846188e-05,179.7650227546692
4180,9.268487e-06,180.15150952339172
4190,9.936234e-06,180.53790092468262
4200,9.835159e-06,180.93415522575378
4210,8.867942e-06,181.33497381210327
4220,8.510083e-06,181.70925879478455
4230,9.2378505e-06,182.10739850997925
4240,8.450367e-06,182.54749655723572
4250,1.0368662e-05,183.02927589416504
4260,8.64564e-06,183.45498394966125
4270,9.960343e-06,183.8426320552826
4280,8.99632e-06,184.2230122089386
4290,9.2149585e-06,184.61828684806824
4300,1.0538101e-05,185.07529163360596
4310,1.02462855e-05,185.48364686965942
4320,9.800247e-06,185.86845517158508
4330,1.0584925e-05,186.27472710609436
4340,9.950067e-06,186.63474130630493
4350,9.368679e-06,187.03700304031372
4360,1.1712696e-05,187.40983986854553
4370,8.393969e-06,187.8014612197876
4380,9.472826e-06,188.1671805381775
4390,9.827415e-06,188.56794381141663
4400,9.710013e-06,188.96243166923523
4410,1.04271785e-05,189.4002661705017
4420,8.8803245e-06,189.78480410575867
4430,1.2753995e-05,190.1534960269928
4440,9.0458525e-06,190.53817081451416
4450,9.674107e-06,190.92825365066528
4460,1.0061147e-05,191.3376123905182
4470,1.0376447e-05,191.71589517593384
4480,8.687478e-06,192.10867476463318
4490,1.1250665e-05,192.52539658546448
4500,1.0585253e-05,192.9217221736908
4510,8.839025e-06,193.34653186798096
4520,9.403548e-06,193.7231113910675
4530,9.286411e-06,194.1040267944336
4540,8.68955e-06,194.4899160861969
4550,1.0134892e-05,194.9146077632904
4560,1.1770726e-05,195.3054232597351
4570,9.812281e-06,195.72809958457947
4580,8.314774e-06,196.1230342388153
4590,8.193537e-06,196.50422430038452
4600,8.543355e-06,196.884507894516
4610,8.777705e-06,197.31855154037476
4620,8.615267e-06,197.69184756278992
4630,8.49051e-06,198.09079337120056
4640,8.937027e-06,198.5048966407776
4650,7.770095e-06,198.9110767841339
4660,8.104897e-06,199.29190039634705
4670,9.248291e-06,199.67463088035583
4680,8.231448e-06,200.04810118675232
4690,8.323877e-06,200.4527144432068
4700,8.877429e-06,200.88953590393066
4710,8.1486605e-06,201.30774974822998
4720,9.696264e-06,201.71034336090088
4730,8.137078e-06,202.11424112319946
4740,8.812707e-06,202.49531173706055
4750,9.011211e-06,202.88684153556824
4760,7.259957e-06,203.27015590667725
4770,8.523602e-06,203.61923813819885
4780,7.83226e-06,204.007328748703
4790,6.98179e-06,204.42190551757812
4800,7.5139005e-06,204.83914995193481
4810,8.913797e-06,205.2505280971527
4820,1.0160112e-05,205.6352481842041
4830,9.529116e-06,206.04732370376587
4840,8.493189e-06,206.4613959789276
4850,8.761824e-06,206.86220359802246
4860,7.560697e-06,207.2640025615692
4870,7.971387e-06,207.66725492477417
4880,8.378191e-06,208.03528141975403
4890,7.480978e-06,208.4174885749817
4900,8.566942e-06,208.82816219329834
4910,7.926365e-06,209.2351975440979
4920,7.692893e-06,209.66167283058167
4930,8.386395e-06,210.02419590950012
4940,9.143253e-06,210.43780827522278
4950,7.926268e-06,210.8320083618164
4960,9.331673e-06,211.26409602165222
4970,8.748084e-06,211.62642550468445
4980,8.867109e-06,212.02764582633972
4990,8.193624e-06,212.4134964942932
5000,7.889975e-06,212.7726263999939
5010,8.762306e-06,213.17656064033508
5020,7.988157e-06,213.5698721408844
5030,7.1489508e-06,213.98140478134155
5040,8.2763445e-06,214.36476874351501
5050,7.838697e-06,214.72559690475464
5060,7.7883515e-06,215.1234142780304
5070,7.195319e-06,215.52871990203857
5080,7.5093812e-06,215.92610216140747
5090,8.641705e-06,216.3221595287323
5100,7.3585406e-06,216.70283675193787
5110,7.274957e-06,217.1598665714264
5120,7.01983e-06,217.55310535430908
5130,7.5518087e-06,217.9446496963501
5140,6.846233e-06,218.33490633964539
5150,8.4299645e-06,218.72277069091797
5160,8.068738e-06,219.11401796340942
5170,8.17957e-06,219.46843338012695
5180,9.39022e-06,219.8333466053009
5190,7.962204e-06,220.23568606376648
5200,6.6337625e-06,220.6351237297058
5210,8.311674e-06,221.04801225662231
5220,6.9650273e-06,221.418949842453
5230,8.15005e-06,221.81127882003784
5240,7.3529786e-06,222.19056129455566
5250,7.448559e-06,222.62997484207153
5260,7.5781772e-06,223.01237440109253
5270,7.260448e-06,223.40241289138794
5280,6.930112e-06,223.82580089569092
5290,7.920373e-06,224.2067985534668
5300,7.849892e-06,224.61360812187195
5310,7.0654314e-06,225.030348777771
5320,6.611283e-06,225.4112594127655
5330,7.0757783e-06,225.8019437789917
5340,7.826898e-06,226.16536164283752
5350,6.888499e-06,226.57898330688477
5360,8.086987e-06,226.95641779899597
5370,6.7431565e-06,227.3412218093872
5380,7.4052755e-06,227.6988604068756
5390,7.0601795e-06,228.09125065803528
5400,6.972543e-06,228.5081877708435
5410,6.6981274e-06,228.93151903152466
5420,6.731001e-06,229.33953475952148
5430,6.520711e-06,229.73624753952026
5440,6.4469023e-06,230.18718314170837
5450,6.414659e-06,230.64459013938904
5460,6.612906e-06,231.11353254318237
5470,7.2661537e-06,231.55882215499878
5480,8.395352e-06,232.0651078224182
5490,6.373601e-06,232.5565276145935
5500,6.7225537e-06,233.00312566757202
5510,6.9024504e-06,233.4114646911621
5520,1.0885015e-05,233.80004382133484
5530,6.733742e-06,234.20595955848694
5540,5.967853e-06,234.58936429023743
5550,7.668975e-06,235.01276421546936
5560,5.880019e-06,235.4011607170105
5570,8.157588e-06,235.78906202316284
5580,6.7854185e-06,236.19585299491882
5590,7.366128e-06,236.58765864372253
5600,6.7740493e-06,236.97261214256287
5610,6.3878297e-06,237.37808394432068
5620,7.1072272e-06,237.78947520256042
5630,6.1946175e-06,238.15380787849426
5640,5.814165e-06,238.5825674533844
5650,6.6841217e-06,238.97749066352844
5660,6.389109e-06,239.37588739395142
5670,7.814426e-06,239.77656197547913
5680,8.353889e-06,240.13358116149902
5690,6.864226e-06,240.52706170082092
5700,7.044365e-06,240.89390516281128
5710,6.6461935e-06,241.34032344818115
5720,6.680398e-06,241.7082633972168
5730,7.056081e-06,242.12873148918152
5740,5.879119e-06,242.51630687713623
5750,5.3073413e-06,242.89998698234558
5760,4.1573247e-05,243.27689790725708
5770,1.4095048e-05,243.6269567012787
5780,7.8877765e-06,243.99141669273376
5790,7.2271614e-06,244.372220993042
5800,6.441016e-06,244.76161098480225
5810,6.8721342e-06,245.15974879264832
5820,5.648775e-06,245.52233576774597
5830,7.127525e-06,245.89580178260803
5840,7.1377067e-06,246.3023099899292
5850,6.64698e-06,246.66792178153992
5860,5.1366746e-06,247.05917072296143
5870,5.3563303e-06,247.5069134235382
5880,5.122367e-06,247.93978309631348
5890,6.518198e-06,248.28877305984497
5900,6.542172e-06,248.70570421218872
5910,6.0155057e-06,249.1051585674286
5920,5.773327e-06,249.45443201065063
5930,5.97905e-06,249.83756971359253
5940,5.986688e-06,250.23366737365723
5950,6.471197e-06,250.61983251571655
5960,5.8608975e-06,250.97992849349976
5970,6.1202795e-06,251.38084864616394
5980,5.2520054e-06,251.7488420009613
5990,5.991223e-06,252.10910153388977
6000,6.221431e-06,252.49264478683472
6010,5.904095e-06,252.902414560318
6020,5.954081e-06,253.3656439781189
6030,6.288142e-06,253.85293912887573
6040,5.2526143e-06,254.30914998054504
6050,5.991837e-06,254.77352380752563
6060,5.4975644e-06,255.2356824874878
6070,6.002941e-06,255.6831316947937
6080,5.7701227e-06,256.1385507583618
6090,5.452803e-06,256.49406361579895
6100,6.2062145e-06,256.8626379966736
6110,5.4479938e-06,257.2736508846283
6120,4.8205884e-06,257.62630581855774
6130,5.531002e-06,257.9919888973236
6140,5.5895102e-06,258.3827815055847
6150,5.7191937e-06,622.9028625488281
6160,5.6035656e-06,623.7030639648438
6170,4.962248e-06,624.1895184516907
6180,6.2256454e-06,624.6444990634918
6190,5.298855e-06,625.1780819892883
6200,5.0686494e-06,625.5610592365265
6210,6.4414435e-06,625.9649193286896
6220,5.8819205e-06,626.341771364212
6230,5.2634564e-06,626.6715114116669
6240,5.545647e-06,627.0707542896271
6250,5.086284e-06,627.730485200882
6260,5.863469e-06,628.2515296936035
6270,5.2716464e-06,628.7837345600128
6280,5.405072e-06,629.2897057533264
6290,5.7325005e-06,630.0285284519196
6300,6.2289027e-06,630.5452234745026
6310,6.1525734e-06,631.0505647659302
6320,6.4738483e-06,631.552140712738
6330,6.374818e-06,632.0705187320709
6340,5.4520315e-06,632.5643534660339
6350,4.6939385e-06,633.0322997570038
6360,5.7085817e-06,633.4386162757874
6370,5.72733e-06,633.7912540435791
6380,5.066984e-06,634.1559190750122
6390,4.6731766e-06,634.6240751743317
6400,5.6988233e-06,634.9942269325256
6410,5.3830804e-06,635.3898301124573
6420,5.0120325e-06,635.7624659538269
6430,5.0993444e-06,636.1303699016571
6440,4.4354692e-06,636.4855253696442
6450,1.5005009e-05,636.8452122211456
6460,1.773842e-05,637.2296094894409
6470,1.0910084e-05,637.6182315349579
6480,5.4834354e-06,638.0097937583923
6490,4.960515e-06,638.3866205215454
6500,4.677239e-06,638.7716677188873
6510,5.268706e-06,639.1595611572266
6520,5.2829237e-06,639.5216653347015
6530,4.9632868e-06,639.8971195220947
6540,5.2867645e-06,640.2662773132324
6550,4.593439e-06,640.6172242164612
6560,5.0034637e-06,640.9786100387573
6570,5.6940685e-06,641.332986831665
6580,5.0036697e-06,641.6819198131561
6590,4.7934504e-06,642.0246846675873
6600,5.1956154e-06,642.4262609481812
6610,5.301318e-06,642.8520662784576
6620,5.0424183e-06,643.215582370758
6630,4.4469944e-06,643.6155951023102
6640,5.2039913e-06,643.9794023036957
6650,4.63096e-06,644.3478097915649
6660,4.3969035e-06,644.7120091915131
6670,5.239879e-06,645.0713801383972
6680,4.544221e-06,645.462527513504
6690,5.240345e-06,645.8307645320892
6700,4.214131e-06,646.1768543720245
6710,5.2313003e-06,646.5561630725861
6720,4.30288e-06,646.9105751514435
6730,5.0207705e-06,647.2869462966919
6740,4.5986694e-06,647.6574370861053
6750,4.548315e-06,648.0040726661682
6760,4.4340127e-06,648.3696582317352
6770,4.629654e-06,648.7597858905792
6780,4.5555853e-06,649.1551418304443
6790,4.3145137e-06,649.5638995170593
6800,6.293226e-06,649.922221660614
6810,4.8283327e-06,650.37970662117
6820,4.957121e-06,650.7818253040314
6830,5.03167e-06,651.1947386264801
6840,4.5115144e-06,651.5882802009583
6850,4.392886e-06,651.9835884571075
6860,6.418707e-06,652.360719203949
6870,5.171063e-06,652.7279481887817
6880,4.530752e-06,653.1205787658691
6890,5.173289e-06,653.7017638683319
6900,4.7386015e-06,654.1693575382233
6910,4.6278765e-06,654.6110861301422
6920,4.678637e-06,655.0353078842163
6930,4.2072284e-06,655.4687688350677
6940,7.2435328e-06,655.8701214790344
6950,4.8550505e-06,656.3227725028992
6960,4.56686e-06,656.7211003303528
6970,4.3579953e-06,657.1018779277802
6980,4.4702165e-06,657.524786233902
6990,4.566218e-06,657.8997633457184
7000,4.5002344e-06,658.2954633235931
7010,4.3355094e-06,658.6926605701447
7020,4.1911526e-06,659.1383903026581
7030,2.315319e-05,659.5072629451752
7040,1.0702256e-05,659.9131700992584
7050,7.004188e-06,660.2871000766754
7060,5.4268216e-06,660.7044758796692
7070,4.8050697e-06,661.1418769359589
7080,7.5527246e-06,661.5788023471832
7090,4.961836e-06,661.958089351654
7100,4.444215e-06,662.3526358604431
7110,3.730981e-06,662.7694029808044
7120,3.932005e-06,663.1618657112122
7130,3.8976837e-06,663.5111393928528
7140,4.3225195e-06,663.8827655315399
7150,4.0071372e-06,664.2815871238708
7160,4.2546235e-06,664.6853811740875
7170,4.6305595e-06,665.0351927280426
7180,3.9510946e-06,665.4351184368134
7190,3.9462607e-06,665.8223459720612
7200,3.7553514e-06,666.1978628635406
7210,4.3145287e-06,666.5887191295624
7220,4.298216e-06,666.9847376346588
7230,4.174065e-06,667.4196984767914
7240,3.9217257e-06,667.809948682785
7250,3.8975872e-06,668.2136559486389
7260,4.0887453e-06,668.6188333034515
7270,3.4916814e-06,668.9805386066437
7280,3.5635508e-06,669.3612508773804
7290,3.6478257e-06,669.7212462425232
7300,3.6630179e-06,670.1006150245667
7310,3.480138e-06,670.5093262195587
7320,3.828888e-06,670.9590911865234
7330,3.7847835e-06,671.3500459194183
7340,4.251976e-06,671.7136132717133
7350,3.6641375e-06,672.0852262973785
7360,3.5218561e-06,672.4656043052673
7370,4.020699e-06,672.8616988658905
7380,3.2109633e-06,673.2352907657623
7390,4.2063225e-06,673.630795955658
7400,3.905839e-06,674.0536713600159
7410,4.4538197e-06,674.445271730423
7420,5.242803e-06,674.8670418262482
7430,4.3238215e-06,675.2930042743683
7440,6.5179556e-06,675.6721994876862
7450,4.021116e-06,676.0465588569641
7460,3.7896432e-06,676.4751892089844
7470,3.940384e-06,676.8767395019531
7480,3.3185459e-06,677.2514653205872
7490,3.6083554e-06,677.6479923725128
7500,3.7277364e-06,678.0401291847229
7510,4.0433933e-06,678.4462194442749
7520,3.6591618e-06,678.8327784538269
7530,4.1097564e-06,679.2556219100952
7540,3.8500034e-06,679.6752936840057
7550,3.829106e-06,680.0811715126038
7560,3.5652663e-06,680.4547266960144
7570,3.5587266e-06,680.877133846283
7580,3.8039177e-06,681.2572219371796
7590,3.6023832e-06,681.6362845897675
7600,3.9835713e-06,682.0235676765442
7610,3.6521576e-06,682.440899848938
7620,3.3657684e-06,682.8292634487152
7630,3.1126697e-06,683.2216360569
7640,3.2756277e-06,683.6244015693665
7650,3.883635e-06,684.0217995643616
7660,3.8112453e-06,684.4630517959595
7670,0.00024257392,684.8880400657654
7680,3.0530107e-05,685.3812348842621
7690,5.811082e-05,685.8546960353851
7700,1.9647005e-05,686.3450479507446
7710,8.462911e-06,686.8180749416351
7720,6.4436517e-06,687.1897711753845
7730,5.201222e-06,687.6091432571411
7740,4.5144243e-06,688.0375256538391
7750,3.5931712e-06,688.4248697757721
7760,3.8584935e-06,688.8115892410278
7770,3.969724e-06,689.2290117740631
7780,3.5451542e-06,689.6511499881744
7790,3.3129388e-06,690.0497906208038
7800,3.1705183e-06,690.4463860988617
7810,3.7512389e-06,690.8821270465851
7820,3.2876649e-06,691.2994832992554
7830,3.7494056e-06,691.7065536975861
7840,3.594313e-06,692.1195435523987
7850,3.6177105e-06,692.5475053787231
7860,3.8883204e-06,692.9584760665894
7870,4.173307e-06,693.36345911026
7880,3.5362325e-06,693.7545630931854
7890,3.469891e-06,694.1442925930023
7900,3.7339705e-06,694.5836143493652
7910,3.535081e-06,695.0468108654022
7920,4.349684e-06,695.4078290462494
7930,3.222422e-06,695.7528047561646
7940,3.8198505e-06,696.1922829151154
7950,3.4275404e-06,696.5216083526611
7960,3.3370577e-06,696.93017411232
7970,3.2370453e-06,697.305239200592
7980,3.702543e-06,697.6887354850769
7990,3.4863167e-06,698.1016974449158
8000,3.724906e-06,698.466207742691
8010,3.7836899e-06,698.9328985214233
8020,3.3110437e-06,699.3309986591339
8030,3.2792816e-06,699.7170987129211
8040,3.97654e-06,700.1209218502045
8050,3.384463e-06,700.4938788414001
8060,3.3948188e-06,700.9008362293243
8070,3.220806e-06,701.2781038284302
8080,3.2742757e-06,701.6561625003815
8090,2.9107807e-06,702.0725092887878
8100,3.593499e-06,702.4613690376282
8110,3.4270834e-06,702.8758656978607
8120,3.4484024e-06,703.2852132320404
8130,4.2461284e-06,703.64564204216
8140,3.540393e-06,704.0126349925995
8150,4.059951e-06,704.4480407238007
8160,3.0730107e-06,704.8562273979187
8170,3.5496141e-06,705.243346452713
8180,3.887978e-06,705.6818687915802
8190,3.4918392e-06,706.0480401515961
8200,3.225152e-06,706.4232084751129
8210,2.9349808e-06,706.8238990306854
8220,3.0332913e-06,707.1834971904755
8230,3.1590525e-06,707.5708663463593
8240,2.8959464e-06,707.9758400917053
8250,2.836478e-06,708.3476414680481
8260,3.3190695e-06,708.723680973053
8270,3.081968e-06,709.1098070144653
8280,2.7732328e-06,709.4544847011566
8290,3.2010366e-06,709.8499109745026
8300,3.3419271e-06,710.238874912262
8310,3.5817568e-06,710.6775884628296
8320,2.8817421e-06,711.0619723796844
8330,3.4727623e-06,711.4556875228882
8340,3.3422625e-06,711.8366663455963
8350,3.130178e-06,712.2464637756348
8360,3.0663316e-06,712.6241829395294
8370,3.341703e-06,713.044668674469
8380,3.1170448e-06,713.5053551197052
8390,2.9099763e-06,713.8658940792084
8400,3.000495e-06,714.2813231945038
8410,3.8617663e-06,714.6835749149323
8420,3.0138667e-06,715.0766701698303
8430,3.035465e-06,715.442271232605
8440,4.0633363e-06,715.833592414856
8450,3.401638e-06,716.1875944137573
8460,3.124816e-06,716.5444555282593
8470,3.2251132e-06,716.9229102134705
8480,3.122067e-06,717.3366613388062
8490,2.9365308e-06,717.7454206943512
8500,3.069788e-06,718.1657466888428
8510,2.8180261e-06,718.5738337039948
8520,3.2434264e-06,718.9434518814087
8530,2.8781717e-06,719.3026909828186
8540,3.214312e-06,719.7416589260101
8550,2.971034e-06,720.1091020107269
8560,2.8514014e-06,720.5294246673584
8570,2.76076e-06,720.8946404457092
8580,1.9193289e-05,721.2871837615967
8590,5.9271642e-06,721.6390407085419
8600,4.430821e-06,722.0168650150299
8610,3.4978643e-06,722.4580180644989
8620,2.9173818e-06,722.8407444953918
8630,2.9629305e-06,723.1927254199982
8640,3.0245776e-06,723.5448117256165
8650,3.1246766e-06,723.9422426223755
8660,2.9942062e-06,724.3180048465729
8670,2.8500888e-06,724.6930429935455
8680,2.6756786e-06,725.0669713020325
8690,2.5152463e-06,725.4500858783722
8700,2.6507762e-06,725.8677530288696
8710,2.4693918e-06,726.2856984138489
8720,2.7552408e-06,726.6903183460236
8730,2.469748e-06,727.0580396652222
8740,3.159097e-06,727.4883964061737
8750,3.2565385e-06,727.8615870475769
8760,2.7970807e-06,728.2375595569611
8770,6.2086394e-05,728.5967602729797
8780,1.30496865e-05,728.9757976531982
8790,5.8605197e-06,729.3564240932465
8800,4.0140085e-06,729.7437794208527
8810,2.8921634e-06,730.1783530712128
8820,3.2017924e-06,730.539431810379
8830,2.8491904e-06,730.9322195053101
8840,2.8260752e-06,731.3126776218414
8850,2.5455638e-06,731.6809206008911
8860,2.6910573e-06,732.0794680118561
8870,3.0403303e-06,732.4608845710754
8880,3.4399334e-06,732.8331215381622
8890,2.9266268e-06,733.2093665599823
8900,2.4372173e-06,733.5763998031616
8910,2.5814159e-06,734.0061450004578
8920,2.8920065e-06,734.3629841804504
8930,2.9021733e-06,734.702876329422
8940,2.7168144e-06,735.0966379642487
8950,2.3629852e-06,735.4554259777069
8960,2.8994414e-06,735.8324203491211
8970,2.9270382e-06,736.2360076904297
8980,2.7123108e-06,736.6429424285889
8990,2.5985207e-06,737.0197458267212
9000,2.4804283e-06,737.4116823673248
9010,2.8280274e-06,737.8529825210571
9020,2.2083673e-06,738.2465240955353
9030,2.7597328e-06,738.620227098465
9040,2.4138099e-06,739.0208258628845
9050,2.7904514e-06,739.3809399604797
9060,2.5250067e-06,739.8413715362549
9070,2.729889e-06,740.2106876373291
9080,2.3674513e-06,740.5644159317017
9090,2.3641232e-06,740.9463303089142
9100,2.450306e-06,741.3066737651825
9110,2.3915163e-06,741.7013313770294
9120,2.5284155e-06,742.0707817077637
9130,2.2185664e-06,742.4827172756195
9140,2.3899997e-06,742.8849704265594
9150,2.2392665e-06,743.2541928291321
9160,2.8050415e-06,743.6613171100616
9170,2.6823122e-06,744.0967485904694
9180,2.2841632e-06,744.5687639713287
9190,2.5475654e-06,744.979921579361
9200,2.5148158e-06,745.3789103031158
9210,2.549349e-06,745.805822134018
9220,2.7027995e-06,746.2145700454712
9230,2.4757742e-06,746.607442855835
9240,2.5344839e-06,746.9493188858032
9250,1.873574e-05,747.2965798377991
9260,4.1592216e-06,747.716808795929
9270,3.4552324e-06,748.132449388504
9280,2.6809146e-06,748.5842099189758
9290,2.5011184e-06,749.0001277923584
9300,2.2563647e-06,749.3916816711426
9310,2.3050368e-06,749.8284957408905
9320,2.202372e-06,750.2428393363953
9330,2.8444597e-06,750.6478974819183
9340,2.5651716e-06,751.0744857788086
9350,2.1058613e-06,751.4621732234955
9360,2.9120406e-06,751.8515057563782
9370,2.8731e-06,752.2328312397003
9380,3.6298245e-06,752.6501004695892
9390,2.549077e-06,753.0647485256195
9400,2.4166854e-06,753.5020742416382
9410,2.3179564e-06,753.956903219223
9420,2.4290448e-06,754.3472118377686
9430,2.7381348e-06,754.7151582241058
9440,2.1832095e-06,755.0940613746643
9450,2.5057334e-06,755.465592622757
9460,2.540982e-06,755.8741185665131
9470,2.503097e-06,756.2522938251495
9480,2.5163326e-06,756.6564779281616
9490,3.462782e-06,757.1029245853424
9500,2.3046834e-06,757.4985575675964
9510,2.343879e-06,757.9438848495483
9520,2.6745079e-06,758.3068344593048
9530,2.6890234e-06,758.6788568496704
9540,3.1013471e-06,759.0916016101837
9550,2.4979063e-06,759.4499254226685
9560,2.6585003e-06,759.8212978839874
9570,2.8132997e-06,760.2216687202454
9580,2.4577507e-06,760.5996129512787
9590,2.4218223e-06,760.9804520606995
9600,2.1242126e-06,761.3755843639374
9610,2.7773317e-06,761.8133792877197
9620,2.4109095e-06,762.2173328399658
9630,2.4992978e-06,762.5814526081085
9640,2.465419e-06,762.9870183467865
9650,2.278856e-06,763.3610994815826
9660,3.1710497e-06,763.7353928089142
9670,2.383039e-06,764.1383771896362
9680,2.4340445e-06,764.5221722126007
9690,2.9567693e-06,764.9363119602203
9700,2.478891e-06,765.3774662017822
9710,0.00028549306,765.8447163105011
9720,4.327698e-05,766.2566366195679
9730,1.5567997e-05,766.6275105476379
9740,7.781989e-06,767.0303835868835
9750,4.2101024e-06,767.4594383239746
9760,3.6046133e-06,767.8610792160034
9770,3.5838336e-06,768.2189173698425
9780,2.7993121e-06,768.6162457466125
9790,2.6581479e-06,768.9660756587982
9800,2.647729e-06,769.3275136947632
9810,2.977431e-06,769.7401299476624
9820,2.6990585e-06,770.1137511730194
9830,2.5384543e-06,770.48126745224
9840,2.544352e-06,770.8512291908264
9850,2.2004083e-06,771.225091457367
9860,2.3475932e-06,771.5987448692322
9870,2.3679947e-06,771.9983189105988
9880,2.3074072e-06,772.3491442203522
9890,2.0674038e-06,772.7461214065552
9900,2.7984331e-06,773.1528871059418
9910,2.0959083e-06,773.5252516269684
9920,2.3229204e-06,773.8675260543823
9930,2.2577387e-06,774.2205083370209
9940,2.0971604e-06,774.5563814640045
9950,2.3509094e-06,774.9543101787567
9960,2.3604152e-06,775.3270547389984
9970,2.2201466e-06,775.670193195343
9980,2.2852023e-06,776.0490653514862
9990,2.5427958e-06,776.4472095966339
